citation_key,authors,year,study_design,mapping_type,onet_code,onet_label,log_ratio,log_ratio_variance,percent_change_equivalent,n_human,n_ai,computation_method,confidence,notes
brynjolfsson_2024_generative_ai,Erik Brynjolfsson; Danielle Li; Lindsey Raymond,2024,natural_experiment,occupation,43-4051.00,Customer Service Representatives,0.0888312137066157,,0.09289617486338786,,,reported_pct_change_no_ci,low,"The primary statistic reports a 3.7 minute decrease in average handle time, representing an 8.5% decline from the baseline mean of 43 minutes. Since this is a time-based outcome (minutes), smaller values are better. The paper explicitly states 'shorter handle times are considered better.' The reported_percent_change is -0.085 (negative because the outcome decreased). Only the control baseline mean is provided; the AI-assisted mean is not directly reported but can be inferred as 43 - 3.7 = 39.3 minutes. Sample sizes (n) are not provided in the arms data. Multiple subgroup analyses are reported for different problem types and adherence levels, but the main effect (first row) is used as the primary statistic. | CI missing; variance not computable"
zhang_2024_generative_equilibrium,Kaichen Zhang; Zixuan Yuan; Hui Xiong,2024,natural_experiment,work_activity,WA-13,Thinking Creatively,0.7929925155296614,,1.21,,,reported_pct_change_no_ci,low,"This is a difference-in-differences natural experiment studying the effect of NovelAI's generative AI leak on the tachie (character art) market vs. wallpaper market. The regression coefficient represents the DiD estimator (treated×after interaction) in levels (orders per week), not log-transformed. The paper reports both the absolute effect (140 orders/week increase) and relative effect (121% increase). Without a baseline mean for the pre-treatment tachie market, we cannot directly convert the level-regression coefficient to a log ratio. The extremely small SE (4.9×10^-13) suggests possible numerical precision issues in the reported table. Sample sizes (n) are not provided for the category-week panel data structure. | CI missing; variance not computable"
nakavachara_2024_chatgpt_productivity,Voraprapa Nakavachara; Tanapong Potipiti; Thanee Chaiwat,2024,within_subject,work_activity,WA-14,Processing Information,0.09447675960815248,0.00031774419263476406,0.0990836197021765,121,121,means_and_sds,high,"Table 3 Panel B provides the complete statistics for time spent on writing analysis tasks. Without ChatGPT: Mean=19.19 minutes, SD=1.62, Min=9.00, Max=20.00. With ChatGPT: Mean=17.46 minutes, SD=3.09, Min=7.00, Max=20.00. N=121 for both conditions (within-subject design). Table 4 Panel A confirms the time difference: 'Time Diff = No ChatGPT - With ChatGPT' has Mean=1.73, SD=3.43. The mean difference of -1.73 minutes (M_ai - M_human = 17.46 - 19.19) indicates participants completed tasks faster with ChatGPT. Time is the outcome, so smaller is better."
quispe_2024_chatgpt_software,Alexander Quispe; Rodrigo Grijalba,2024,natural_experiment,work_activity,WA-25,Working with Computers,0.7942445423083856,0.008069955652906968,1.2127687120701283,27,120,regression_coef_level_with_baseline,medium,"Primary outcome is 'Num Pushes per 100k' (git pushes per 100,000 people). Table 6.1 Panel A reports DID coefficient of 899.268*** (SE=147.395) with baseline mean of 741.5. This is a level-transformed outcome (not log), so the coefficient represents the absolute increase in pushes per 100k. The baseline mean is explicitly stated as 'Baseline Mean Outcome 741.5'. The outcome is a throughput measure (more pushes = more productivity), so larger_is_better. Sample sizes: N0=27 control units, N1=120 treatment units across 13 time periods (11 pre-treatment, 2 post-treatment), total observations=2352. SC and SDID methods also reported but DID is most straightforward for extraction."
bono_2024_security_copilot,James Bono; Alec Xu,2024,rct,work_activity,WA-10,Making Decisions and Solving Problems,0.19525776740136555,,0.21562429442312037,90,91,means_only_no_variance,low,"Primary overall comparison extracted. The study reports means for both arms (control: 53.84 min, copilot: 44.29 min) and a 29.79% reduction in task completion time. Since time is smaller-is-better, the reduction is coded as -0.2979. Multiple sub-analyses by scenario and task type are also reported in the statistics, but the overall comparison is used for the primary extraction. No SDs or SEs are reported, only means. | SDs/SEs missing; variance not computable"
fitzpatrick_2025_generative_ai_public,Trevor Fitzpatrick; Seamus Kelly; Patrick Carey; David Walsh; Ruairi Nugent,2025,rct,work_activity,WA-01,Analyzing Data or Information,0.4155154439616658,,0.5151515151515151,,,means_only_no_variance,low,"Sample sizes (n) are not reported in the arms data. The paper reports a 34% improvement in time to completion, which for a time-based outcome (smaller is better) represents a reduction, hence -0.34. Mean times are clearly stated: 33 minutes (AI) vs 50 minutes (control). Standard deviations are not reported. | SDs/SEs missing; variance not computable"
wang_2025_ai_writing_guidance,Fangyan Wang; Sai Liang; Zaiyan Wei,2025,natural_experiment,work_activity,WA-30,Documenting/Recording Information,0.04688358589885046,,0.04800000000000004,,,reported_pct_change_no_ci,low,"This is a difference-in-differences natural experiment studying Yelp's AI writing guidance introduction. The outcome (review length in characters) is a throughput/productivity measure where larger is better. The regression uses log(Lengths) as the dependent variable, so the coefficient 0.048 directly represents the log ratio. The paper reports this as '4.8% longer' which matches the coefficient. Additional heterogeneous effects are reported for less experienced users (coef=0.046, SE=0.004) and experienced users (coef=0.028, SE=0.005), but the primary overall effect is used here. Sample sizes are not reported in the arms data. | CI missing; variance not computable"
xue_2025_generative_analysts,Jian Xue; Qian Zhang; Wu Zhu,2025,natural_experiment,occupation,13-2051.00,Financial and Investment Analysts,0.297,,0.34581529944809763,41991,41991,regression_coef_log_outcome_no_se,low,"The paper reports timeliness as log of leader ratio. Table 7 Panel C shows FactSet×Post coefficient of 0.297** (t=2.11) for Timeliness. The outcome is already log-transformed, so this coefficient represents the log ratio effect directly. The control SD is 1.38 (from Table 1). Sample size n=41991 is from Table 7 Panel C observations row. The paper states this represents '0.22 standard deviations (= 0.297/1.380)' improvement. Since the outcome is a log ratio, the regression coefficient IS the log effect. No SE is explicitly reported in parentheses for this coefficient, but the t-statistic is 2.11, which allows variance calculation if needed downstream."
merali_2025_scaling_laws,Ali Merali,2025,rct,work_activity,WA-01,Analyzing Data or Information,0.08338160893905101,,0.08695652173913038,,,reported_pct_change_no_ci,low,"The paper reports effects per year of model progress (8% reduction overall, 10.7% for non-agentic, 4.8% for agentic) and per tenfold increase in training compute (6% reduction, coefficient -0.0608). These are scaling relationships rather than direct AI vs. control comparisons. The primary statistic extracted is the overall 8% reduction per year of model progress (p≈0.04). The regression coefficient of -0.0608 for the compute scaling is also provided, but without a standard error (SE not reported in the verbatim quote). Sample sizes (n) are not provided in the arms data. It is unclear whether the outcome was log-transformed in the regression; the coefficient -0.0608 corresponds to ~6% reduction, suggesting possible log transformation, but this is not explicitly stated. The reported_percent_change reflects the 8% reduction per year as -0.08. | CI missing; variance not computable"
kikuchi_2026_innovation_tax,Tatsuru Kikuchi,2026,natural_experiment,work_activity,WA-01,Analyzing Data or Information,-0.5040678035464089,0.018434099329080595,-0.3959315765141008,85,41,regression_coef_level_with_baseline,medium,"The paper uses SDID (Synthetic Difference-in-Differences) to estimate causal effects. Table 6 reports the Average Treatment Effect on the Treated (ATT) for ROE as -4.282*** (SE=0.887) percentage points. This is the causal effect of AI adoption on Return on Equity. The outcome is in levels (percentage points), not log-transformed. Table 3 provides the baseline mean ROE of 10.815% across the full sample. The sample sizes come from the notes to Table 6: 10 treated banks and 36 control banks in the full sample analysis. However, the paper states the estimation sample includes 126 banks total with 41 AI adopters and 85 controls (page 23). Using the larger sample counts as they represent the full analytical sample. The negative ATT indicates AI adoption causes ROE to decline by 428 basis points during the implementation phase (the 'Implementation Tax'). This is a productivity measure where larger ROE values are better, so the negative effect indicates worse performance."
ai_copilots_real_estate_2025,,2025,natural_experiment,occupation,41-9022.00,Real Estate Sales Agents,0.05413944610064823,,0.055631795629684344,34,34,reported_pct_change_no_ci,low,"This is a DiD design with treatment intensity based on pre-treatment app penetration (transaction ratio = 0.446). The primary statistic uses the DiD coefficient Post×Ratio_tran = -0.4434 (SE 0.145). The outcome is log-transformed (log of 1 + days on market), so the coefficient directly represents the log ratio. The paper reports the effect as -0.198 log-points at mean treatment intensity (=-0.4434*0.446), which translates to a 5.27% decrease relative to baseline mean of 3.757. Since the outcome is already log-transformed, the regression coefficient can be used directly as the log ratio. Multiple specifications are reported (field experiment in Jinan, buyer-facing vs seller-facing exposure, heterogeneity by tenure), but the main DiD with transaction ratio is the primary specification for the overall treatment effect. | CI missing; variance not computable"
agarwal_2023_radiology_ai,Nikhil Agarwal; Alex Moehring; Pranav Rajpurkar; Tobias Salz,2023,within_subject,occupation,29-1224.00,Radiologists,-0.037751128203603754,,-0.03704743719345549,227,227,within_subject_mean_diff_no_variance,low,"Table C.6 (page 55-56) reports treatment effects on Active Time. The AI treatment coefficient is 5.937 (SE=2.347) seconds, meaning AI assistance INCREASES time by ~6 seconds relative to the control mean of 154.317 seconds. This is a within-subject design with 227 radiologists (from summary statistics table C.1). The control mean is reported as 154.317 (SE=4.990). The outcome is in seconds (level, not log-transformed). The positive coefficient indicates AI assistance slightly slows radiologists, contrary to typical productivity gains. The study's main finding is that AI assistance does not improve diagnostic quality on average (section 4.2.2), and this time result shows it also doesn't reduce time spent. | within-subject mean diff; variance not computable without paired SD"
shanthikumar_2024_ai_analyst,Devin Shanthikumar; Il Sun Yoo,2024,natural_experiment,occupation,13-2051.00,Financial and Investment Analysts,0.013902905168991434,,0.014000000000000012,70923,70923,reported_pct_change_no_ci,low,"This is an observational study, not a randomized experiment. The treatment is continuous (% AI hiring) rather than binary. From Table 3 Column 2 (Poisson regression with lagged controls), the coefficient on % AI Hiring t-3~t-1 is 0.332 with t-stat 4.89, implying SE ≈ 0.332/4.89 ≈ 0.0679. The outcome (Forecast Frequency) is NOT log-transformed - it's a count modeled with Poisson, but the reported coefficient is in the original scale. The baseline mean is 5.296 forecasts (from Table 1). The paper states 'a one standard deviation increase in AI investment is associated with a 1.4% increase' - this 1.4% = 0.014 is the reported percent change. The sample size n=70,923 is analyst-firm-year observations (same for both 'arms' since this is a continuous treatment regression). For the ChatGPT analysis (Table 9 Panel A), Post ChatGPT coefficient is 0.014 (t=2.33, SE≈0.006) for forecast frequency, but this is a different identification strategy. The primary analysis uses the continuous AI investment measure. The regression is NOT on log outcome, so we need baseline mean to compute log ratio: log(1 + 0.332*0.035/5.296) where 0.035 is one SD of % AI Hiring from Table 1. | CI missing; variance not computable"
li_2026_copilot_oss,Xinyu Li; Francis Joseph Costello; Keongtae Kim; Xiaoquan (Michael) Zhang,2026,natural_experiment,work_activity,WA-25,Working with Computers,0.11332868530700327,,0.1200000000000001,806,567,reported_pct_change_no_ci,low,"This is a difference-in-differences natural experiment. The paper reports multiple regression coefficients for different phases (announcement: δ₁=0.1, post-launch: δ₂=0.21) and with/without controls (announcement with controls: δ₁=0.09, post-launch with controls: δ₂=0.12). The overall summary states '12% increase' in commit frequency. I selected the post-launch phase with controls (δ₂=0.12) as the primary effect because: (1) it represents the full treatment effect after actual product release, (2) it includes controls for confounders, and (3) it aligns with the overall 12% summary. The baseline mean of 0.5 weekly commits is explicitly stated for computing proportional effects. Standard errors are not reported for the regression coefficients. The outcome is in levels (commits per week), not log-transformed, so regression_outcome_is_log=false. Python can compute log ratio as log(1 + 0.12/0.5) = log(1.24). | CI missing; variance not computable"
autor_2003_computerization_skills,David H. Autor; Frank Levy; Richard J. Murnane,2003,observational,work_activity,WA-14,Processing Information,0.23174644012147758,0.001991553608011484,0.2607999999999999,,,reported_pct_change_with_ci,high,"This is a natural experiment using a difference-in-differences design. The primary outcome is log(tasks completed per hour). The paper reports a regression coefficient of 0.2608 (SE=0.056) for computer access, which represents a 26.08% increase in productivity. The outcome is log-transformed, so the coefficient directly represents the log ratio. The 95% CI is [15.08%, 37.08%]. Sample sizes are not reported in traditional arm format because this is an observational study with regression analysis, but the total sample is 5,041 workers with 241,854 worker-day observations."
brynjolfsson_2023_generative_ai,Erik Brynjolfsson; Danielle Li; Lindsey R. Raymond,2023,natural_experiment,occupation,43-4051.00,Customer Service Representatives,0.38566248081198473,,0.47058823529411775,,1636,means_only_no_variance,low,"This is a natural experiment with staggered AI tool rollout. The paper reports multiple specifications with different fixed effects. The overall effect (14% increase, from 1.7 to 2.5 chats/hour) is reported for the main comparison. More conservative estimates with agent and tenure fixed effects show 13.8% increase (0.30 chats). The paper also reports heterogeneous effects by skill quintile (34% for lowest, 0% for highest) and tenure (46% for <1 month, 0% for >1 year). I extracted the overall/average effect as the primary statistic. Sample size n is only reported for treated_post arm (1636); n for never_treated is not explicitly stated. | SDs/SEs missing; variance not computable"
goetz_2025_ai_marketing,Daniel Goetz,2025,natural_experiment,work_activity,WA-03,"Communicating with Supervisors, Peers, or Subordinates",0.23136364186155733,,0.2603174603174603,1062,1062,means_only_no_variance,low,"Primary outcome is 'Demand Waitlist' (binary indicator for whether practice has a waitlist). Table 2 Column 1 reports Adopt coefficient of 0.0164** (SE=0.0069). Paper states this represents '1.6 percentage point increase in the probability of having a waitlist' and '25% increase over the baseline propensity' (page 13). Baseline propensity is 0.063 from Table 1. Treatment effect: 0.063 + 0.0164 = 0.0794. This is a difference-in-differences design with matched treatment (n=1062 adopters) and control practices (n=4248 matched controls with 4:1 ratio, but treated as paired in DiD framework). The outcome is a binary waitlist indicator where higher values indicate greater demand. | SDs/SEs missing; variance not computable"
daniotti_2025_ai_code,Simone Daniotti; Johannes Wachs; Xiangnan Feng; Frank Neffke,2025,observational,work_activity,WA-25,Working with Computers,0.035367143837291344,,0.03600000000000003,,,reported_pct_change_no_ci,low,"This is an observational study using regression analysis. The outcome is commits per quarter (throughput measure, larger is better). The regression coefficient 0.122 (SE 0.048) represents the effect of AI usage on log-transformed commit rates. The paper reports that moving from 0% to 29% AI usage is associated with a 3.6% increase in commit rates. The coefficient appears to be from a log-transformed outcome based on the small magnitude and the percentage interpretation provided. The study also reports heterogeneous effects by experience level, with experienced developers showing a 6.2% increase (coefficient 0.189, SE 0.086 for the interaction term). | CI missing; variance not computable"
dellacqua_2026_jagged_frontier,Fabrizio Dell'Acqua; Edward McFowland III; Ethan Mollick; Hila Lifshitz; Katherine C. Kellogg; Saran Rajendran; Lisa Krayer; François Candelon; Karim R. Lakhani,2026,field_experiment,occupation,13-1111.00,Management Analysts,0.12588024588900293,,0.13414634146341475,,,means_only_no_variance,low,"Sample sizes (n) are not provided in the arms data. The effect_in_outcome_units field reports '12.2% increase in completion rates' but this appears to be a rounded approximation; the actual difference between means is (0.93-0.82)/0.82 = 13.4%. No standard deviations, standard errors, or confidence intervals are reported. Task completion rate is a throughput-type measure (percentage of tasks completed), so larger values indicate better performance. | SDs/SEs missing; variance not computable"
hosanagar_2024_human_ai_collaboration,Kartik Hosanagar; Daehwan Ahn,2024,rct,work_activity,WA-13,Thinking Creatively,0.44941699563734716,,0.567398119122257,,,reported_pct_change_no_ci,low,"Within-subject design: all participants completed Day 1 without AI (no_ai arm) and Day 2 with one of three AI-assisted conditions. Sample sizes (n) are not reported in the arms array. The 36.2% reduction is reported for 'all AI-assisted vs no_ai' pooled comparison, not specific to Human Creativity arm. The regression coefficients (b=0.70 for Copilot, b=0 for Human Creativity, b=0.32 for Human Confirmation) appear to measure the relationship between Day 1 completion time and Day 2 completion time within each condition, not the direct treatment effect. Standard errors for regression coefficients are not provided. Selected Human Creativity as best AI arm based on its elimination of productivity gap, though Copilot (full collaboration) could also be considered 'most capable'. No raw means, SDs, or sample sizes available. The percent change is for the pooled AI comparison, not the specific arm selected. | CI missing; variance not computable"
dillon_2025_shifting_work,Eleanor W. Dillon; Sonia Jaffe; Nicole Immorlica; Christopher T. Stanton,2025,field_experiment,work_activity,WA-25,Working with Computers,0.1274449465681203,,0.13592233009708732,3453,3684,means_only_no_variance,low,"The paper reports both ITT (intent-to-treat) and LATE (local average treatment effect) estimates. Using ITT estimates: 1.4 fewer hours per week represents a 12% decline. The means provided are: control (pre-period baseline) = 11.7 hours, copilot_access (post-period) = 10.3 hours. The 12% reduction is signed negative because time decreased (smaller is better for time-based outcomes). LATE estimates show 2 fewer hours (17% decline) but ITT is more conservative and standard for primary analysis. | SDs/SEs missing; variance not computable"
asam_2025_generative_startup,Dominik Asam; David Heller,2025,natural_experiment,work_activity,WA-01,Analyzing Data or Information,0.21072103131565253,,0.23456790123456783,,,reported_pct_change_no_ci,low,"This is a difference-in-differences study examining the effect of GitHub Copilot's release on software-developing startups. The primary result shows a 19% reduction in time-to-funding (4-month decrease). The regression coefficient β = -4.793 months is in levels (not log-transformed), representing the DiD estimate. Standard error is not reported in the extraction. The paper reports p < 0.01 significance. The 19% figure appears to be calculated as 4.793/baseline_mean, but the exact baseline mean for the treatment group pre-period is not explicitly provided in the extracted statistics (though Column III mentions a mean of 20.768 months for comparison). Without SE and baseline mean, Python will need to rely on the reported percent change of -19% (negative because time decreased, which is beneficial). | CI missing; variance not computable"
he_2026_cursor_velocity,Hao He; Courtney Miller; Shyam Agarwal; Christian Kästner; Bogdan Vasilescu,2026,natural_experiment,work_activity,WA-25,Working with Computers,0.025960101669531624,0.0004790459203817875,0.02629999999999999,2340,806,reported_pct_change_with_ci,high,"This is a DiD natural experiment using the Borusyak et al. estimator as the primary specification. The outcome (commits) is count data, and larger values indicate higher productivity (more commits = better). The regression coefficient is reported with SE in parentheses. The paper does not explicitly state log transformation, but the coefficient (0.0260) matches the percent change (+2.63%), which is standard for log-transformed outcomes in DiD models where exp(coef)-1 ≈ coef for small values. The ±4.40% confidence interval translates to approximately [-0.0177, +0.0703] around the 2.63% point estimate. Multiple robustness checks are reported (TWFE, Callaway-Sant'Anna, month-specific effects) but the Borusyak et al. estimate is presented as the primary result in Table 2."
ju_2026_collaborating_ai,Harang Ju; Sinan Aral,2026,rct,work_activity,WA-13,Thinking Creatively,0.4054651081081644,,0.5,976,1258,reported_pct_change_no_ci,low,"The paper reports a 50% increase in productivity (ads per worker per unit time) for human-AI vs human-human teams. A regression coefficient β=1.954 (SE=0.197) is also reported for the same comparison. The outcome transformation (log, asinh, or levels) is not explicitly stated in the provided data, so regression_outcome_is_log is left null. The measurement unit is 'count of ad submissions' which is a throughput/productivity measure, so larger_is_better. Additional regression coefficients are reported for communication and delegation effects but these are not the primary human-AI vs human-human comparison. | CI missing; variance not computable"
kreitmeir_2024_chatgpt_productivity,David Kreitmeir; Paul A. Raschky,2024,natural_experiment,work_activity,WA-25,Working with Computers,0.08916794457118084,0.0017858301575536142,0.09326424870466321,36358,36358,regression_coef_level_with_baseline,medium,"The paper uses a difference-in-differences design with binary outcome indicators (0/1 for any activity on a given day). The primary outcome is 'Output (Shen, 2023)' which aggregates commits and pull requests. The treatment effect is LOSING ChatGPT access, so the sign must be reversed: a positive coefficient on Treated×Post means losing AI INCREASED output (counterintuitive), while a negative coefficient means losing AI DECREASED output (AI helps). For the LESS EXPERIENCED subsample (N=18,710 users, 149,680 user-days), the coefficient is +0.0216** (SE=0.0107), meaning losing ChatGPT INCREASED their output—suggesting ChatGPT was actually HURTING their productivity. The baseline mean (dep. var. mean) for this group is 0.2316. The overall sample shows mixed/null effects, but the paper emphasizes heterogeneity by experience level. I selected the less-experienced subsample as it shows the clearest, statistically significant effect and is highlighted in the abstract and discussion. The outcome is in levels (not log-transformed), so I provide the baseline mean to enable log-ratio computation. Standard errors are reported in parentheses in Table 1. Sample size n=36,358 unique users across all countries (treatment+control), with 18,710 classified as less experienced."
becker_2025_ai_developer_productivity,Joel Becker; Nate Rush; Beth Barnes; David Rein,2025,rct,occupation,15-1252.00,Software Developers,-0.17395330712343798,,-0.15966386554621848,110,136,reported_pct_change_no_ci,low,"The primary outcome is already expressed as a percentage change in completion time. The paper reports that AI increases completion time by 19% (a slowdown). Since completion time is a time-type metric where smaller is better, the AI arm performed worse (took longer). The reported_percent_change is +0.19 because the AI-allowed condition took 19% MORE time than the AI-disallowed condition. No raw means, SDs, or confidence intervals for the percentage change are provided in the input. | CI missing; variance not computable"
edelman_2023_copilot_productivity,Ben Edelman; Donald Ngwe; Sida Peng,2023,rct,work_activity,WA-22,Getting Information,0.3056756374997935,,0.35754189944134085,,,means_only_no_variance,low,"Primary statistic extracted from Experiment 1. The paper reports 26.6% faster completion time with Copilot, which translates to a -0.266 relative change (time decreased). Experiment 2 shows similar results (29.4% faster, means 29.7 vs 42.1 minutes). Sample sizes (n) are not provided in the arms data. The third reported statistic compares subjective vs actual time savings within the copilot group and is not a between-arm comparison, so it was not used. | SDs/SEs missing; variance not computable"
merali_2024_scaling_productivity,Ali Merali,2024,rct,occupation,27-3091.00,Interpreters and Translators,0.3727128765446731,,0.45166747220879655,,,means_only_no_variance,low,"Sample sizes (n_human and n_ai) are not provided in the arms data. The primary comparison shows a 31.1% reduction in task completion time with AI assistance (600.7 seconds without AI vs 413.8 seconds with AI, p=0.000). Since time is the outcome and smaller is better, the percent change is negative (-0.311). Additional statistics about scaling relationships with model compute are reported but not extracted as they do not represent the primary human-only vs human+AI comparison. | SDs/SEs missing; variance not computable"
noy_2023_chatgpt_productivity,Shakked Noy; Whitney Zhang,2023,rct,work_activity,WA-25,Working with Computers,0.46262352194811296,,0.588235294117647,222,222,means_only_no_variance,low,The paper reports that the treatment group completed tasks '10 minutes faster (37% reduction)' relative to the control group mean of 27 minutes. This allows us to compute m_ai = 27 - 10 = 17 minutes. The 37% reduction is expressed as -0.37 in reported_percent_change (negative because time decreased). No SDs or SEs are reported for either arm. | SDs/SEs missing; variance not computable
peng_2023_copilot_productivity,Sida Peng; Eirini Kalliamvakou; Peter Cihon; Mert Demirer,2023,rct,work_activity,WA-25,Working with Computers,0.8156495203517637,,1.2606435295770688,50,45,means_only_no_variance,low,"The paper reports task completion time in minutes (smaller is better). The treatment group completed the task 55.8% faster, which represents a reduction in time. The 95% CI [21%, 89%] refers to the percent reduction/improvement. Means are clearly reported: control = 160.89 min, copilot = 71.17 min. Multiple heterogeneous effect regression coefficients are reported but these are interaction terms, not the main effect, so they are not used for the primary log ratio calculation. | SDs/SEs missing; variance not computable"
stray_2026_copilot_productivity,Viktoria Stray; Elias Goldmann Brandtzæg; Viggo Tellefsen Wivestad; Astri Barbala; Nils Brede Moe,2026,observational,occupation,15-1252.00,Software Developers,0.6190392084062235,,0.8571428571428572,14,25,means_only_no_variance,low,"Extracted approximate means from Figure 2 (lower panel showing 'Number of Commits'). Before Copilot introduction (2023-09-01), non-users averaged approximately 3.5 commits/week and Copilot users averaged approximately 6.5 commits/week. After Copilot introduction, both groups maintained similar levels with no statistically significant change. The paper states 'We did not find any statistically significant changes in commit-based activity for Copilot users after they adopted the tool' and Mann-Whitney U tests confirmed Copilot users were significantly more active than non-users (p < 0.00555) both before and after adoption. Figure 3 shows similar patterns. No standard deviations or standard errors are reported in the text or figures. The 95% confidence intervals shown in figures are visual only and exact values are not provided in tables. | SDs/SEs missing; variance not computable"
tipnis_2025_ai_philanthropy,Vinit S. Tipnis; Eunae Yoo; Gloria Urrea; Fei Gao,2025,natural_experiment,work_activity,WA-25,Working with Computers,-0.2395270305647338,,-0.21299999999999997,360,360,reported_pct_change_no_ci,low,"Primary outcome is ln(Tasks_it), the log-transformed number of tasks completed by volunteer i in month t. The paper reports a DID coefficient of -0.240*** (SE=0.052) for the Treated_it variable in Table 1. The authors interpret this as 'volunteers reduce their monthly contributions by 21.3% on average' (page 17), which they calculate as e^(-0.240) - 1 = -0.213. The outcome is explicitly log-transformed (larger values = more tasks = better), so the negative coefficient indicates AI introduction reduces volunteer engagement. Sample sizes are from the matched CEM sample: 360 treated and 360 control volunteers (Table EC.2). The regression uses volunteer and month fixed effects with clustered standard errors. | CI missing; variance not computable"
usdan_2024_generative_writing,Jordan H. Usdan; Harley Chang; Allison E. Connell Pensky,2024,within_subject,work_activity,WA-14,Processing Information,1.0354759492938714,,1.8164464023494866,,,means_only_no_variance,low,"Within-subject design with paired observations. The test statistic is reported as F(1,23) = 23.15, suggesting 24 total participants who each completed both conditions. Sample sizes (n) are not explicitly stated in the arms array but can be inferred from the F-test degrees of freedom. The mean difference is M_ai - M_human = 68.1 - 191.8 = -123.7 minutes. The reported percent change of 64.5% reduction is expressed as -0.645. | SDs/SEs missing; variance not computable"
christensen_2025_fraud_risk,Brant E. Christensen; Scott A. Emett; Marc Eulerich; David A. Wood,2025,rct,work_activity,WA-01,Analyzing Data or Information,0.2568754955075765,,0.29288414685373443,,,means_only_no_variance,low,"Primary outcome is task efficiency measured in seconds (time to complete fraud risk assessment). Two subgroups reported: novice and experienced auditors. Using novice auditor data as primary comparison since it shows statistically significant effect (p=0.01) and is reported first. The paper states novices were '23 percent faster' with GenAI. Sample sizes (n) are not provided in the arms array. Standard deviations/standard errors are not reported, only means and t-statistics. The experienced auditor comparison shows similar pattern but non-significant at conventional alpha (p=0.09 one-tailed). | SDs/SEs missing; variance not computable"
yeverechyahu_2026_llm_opensource,Doron Yeverechyahu; Raveesh Mayya; Gal Oestreicher-Singer,2026,natural_experiment,work_activity,WA-25,Working with Computers,0.3332527739942398,,0.39549999999999996,1187,1187,reported_pct_change_no_ci,low,"This is a difference-in-differences natural experiment. The primary specification (TWFE) reports a regression coefficient of 6.816 commits per quarter increase (p<0.001), representing a 39.55% increase. The outcome is in levels (commits per quarter), not log-transformed. The pre-treatment mean for the treated group (Python packages before Copilot) is 17.235 commits per quarter, which serves as the baseline. Multiple robustness checks are reported (balanced panel: 5.496 commits/31.89%; synthetic DiD: 4.894 commits/28.40%), and a temporal control design using only Python packages across eras confirms the effect (4.638 commits/27.13%). Using the primary TWFE specification with the baseline mean allows computation of log ratio as log(17.235 + 6.816) / log(17.235). The Rust vs Haskell comparison is an additional robustness check but Python vs R is the primary analysis. | CI missing; variance not computable"
choi_2023_lawyering_ai,Jonathan H. Choi; Amy B. Monahan; Daniel Schwarcz,2023,rct,occupation,23-1011.00,Lawyers,0.2754559983204052,0.016756352487163256,0.3171311475409835,30,30,means_and_sds,high,"Within-subject crossover design with 30 participants completing tasks both with and without GPT-4. The same participants are measured in both conditions. Time is the outcome (minutes), so smaller is better. The reported percent change of -24.1% indicates GPT-4 reduced time by 24.1%. The 95% CI [-64.00, -13.36] appears to be for the raw difference in minutes, not the percent change."
choi_2023_lawyering_ai,Jonathan H. Choi; Amy B. Monahan; Daniel Schwarcz,2023,within_subject,occupation,23-1011.00,Lawyers,0.2754559983204052,0.008520179230760977,0.3171311475409835,59,59,means_and_sds,high,"Within-subject crossover design with 59 total participants (30 in Group A + 29 in Group B). All participants completed the complaint drafting task both with and without GPT-4 assistance. The reported difference of -38.77 minutes represents a 24.1% reduction in time. The 95% CI (-64.00, -13.36) applies to the mean difference in minutes, not the percent change. Total n is 59 (sum of both groups), as each participant contributed both a with-AI and without-AI observation for this task."
cui_2025_generative_ai_developers,Kevin Zheyuan Cui; Mert Demirer; Sonia Jaffe; Leon Musolff; Sida Peng; Tobias Salz,2025,field_experiment,occupation,15-1252.00,Software Developers,0.23174644012147758,,0.2607999999999999,,,reported_pct_change_no_ci,low,"Primary effect is a 26.08% increase in pull requests completed (SE: 10.3%) from the combined IV estimate across three experiments with 4,867 developers. The outcome is a throughput measure (number of weekly pull requests), so larger values indicate better performance. Raw means and SDs are not reported; only the percent change is available. Sample sizes per arm are not specified in the arms array (both show n=null), though total N=4,867 is mentioned. The SE of 10.3% applies to the percent change estimate itself. | CI missing; variance not computable"
yeverechyahu_2025_github_copilot,Doron Yeverechyahu; Raveesh Mayya; Gal Oestreicher-Singer,2025,natural_experiment,work_activity,WA-25,Working with Computers,0.3151756367607035,,0.37050000000000005,1187,1187,reported_pct_change_no_ci,low,"This is a difference-in-differences natural experiment comparing Python (treated with Copilot support) vs R (control, no Copilot support). The outcome is in levels (raw commit counts), not log-transformed. The regression coefficient represents the DiD estimate (treatment × post interaction). The baseline mean of 18.395 is explicitly stated as the pre-treatment mean for the control group (R). Multiple specifications are reported (main, balanced panel, SDiD); selected the main specification as primary. The Rust vs Haskell comparison provides a robustness check but Python vs R is the main analysis. | CI missing; variance not computable"
haslberger_2025_ai_productivity,Matthias Haslberger; Jane Gingrich; Jasmine Bhatia,2025,rct,work_activity,WA-14,Processing Information,-0.5553913429777713,0.006499332340688807,-0.42615235399806023,537,504,regression_coef_level_with_baseline,medium,"Table S1 Panel A provides the baseline constant (314.465 seconds, SE=7.554) which represents the control group mean for email task completion time. The regression coefficient (-134.010, SE=14.548) represents the treatment effect. With both the baseline mean and the regression coefficient in levels, we can compute log(1 + coef/baseline) = log(1 + (-134.010/314.465)) = log(0.574). The outcome is time in seconds (top-coded at 900), so smaller is better. The paper reports this as a 2SLS/LATE estimate where treatment assignment instruments for actual AI use."
schwarcz_2026_ai_lawyering,Daniel Schwarcz; Sam Manning; J.J. Prescott; Patrick Barry; David R. Cleveland; Beverly Rich,2026,rct,work_activity,WA-30,Documenting/Recording Information,0.22564668153232822,,0.25313283208020043,47,45,reported_pct_change_no_ci,low,"The outcome is 'fraction of allotted time' with smaller values = faster completion (time-type). The regression coefficients appear to be from a log-transformed outcome model, as the percent changes align closely with exp(β)-1 transformations (e.g., exp(-0.17)-1 ≈ -15.6%, though reported as -20.2%, suggesting possible asinh or other transformation). Treating coefficients as log-scale effects. Multiple tasks reported; extracting the first task (draft client email) for Vincent AI vs control as the primary comparison. Vincent AI chosen over o1-preview due to domain specialization, though o1-preview shows comparable or slightly larger effects on some tasks. All regression coefficients have *** indicating p<0.01. | CI missing; variance not computable"
song_2024_copilot_oss,Fangchen Song; Ashish Agarwal; Wen Wen,2024,observational,occupation,15-1252.00,Software Developers,-0.0769610411361284,,-0.07407407407407418,3146,4491,reported_pct_change_no_ci,low,"The outcome is coordination time (days), where smaller is better. The paper reports an 8% increase in coordination time with Copilot, meaning AI makes this metric worse (takes longer). The reported_percent_change is +0.08 to reflect the increase. Python will handle the direction convention appropriately. No raw means, SDs, or CIs are provided, only the percent change. Additional subgroup analyses for core and peripheral developers are also reported but the main treatment vs control comparison is used. | CI missing; variance not computable"
kim_2024_generative_ai_tutoring,Donggwan Kim; Dmitry Mitrofanov; Qingsong Wen; Tianlong Xu,2024,natural_experiment,work_activity,WA-14,Processing Information,0.30748469974796055,,0.3599999999999999,6469,12435,reported_pct_change_no_ci,low,"This is a difference-in-differences natural experiment. The primary effect is reported as a 36% increase in problems solved (0.3057 log-point coefficient on Treat·Post interaction). The outcome is log-transformed, so the regression coefficient directly approximates the log ratio. Standard error not reported in the extraction. Multiple subgroup and alternative specifications are available (high/low performers, within-student day-level comparisons), but the main DiD estimate (treated vs control, Treat·Post = 0.3057) is the primary comparison for the overall treatment effect. | CI missing; variance not computable"
